step,epoch,epoch_step,loss,learn_rate
500,499,0,0.1855704,0.004
1000,999,0,0.1794225,0.004
1500,1499,0,0.1868864,0.004
